{
  "basicSettings": {
    "screenWhitelist": [
      "net.mehvahdjukaar.supplementaries.client.screens.TextHolderEditScreen",
      "net.minecraft.class_473",
      "net.minecraft.class_7743"
    ],
    "enableScreenRecovering": false,
    "recoveredScreens": [],
    "englishStateImpl": "CONVERSION_STATUS",
    "primaryEnglishState": "CJK"
  },
  "advanceSettings": {
    "enableCharSimulation": false
  },
  "windowsCompatibilitySettings": {
    "enableConversionStatusApi": true,
    "enableCursorPositionTracking": true,
    "enableCompositionFontTweaks": true
  },
  "linuxCompatibilitySettings": {
    "enableKeyboardPatch": true,
    "ibusOnArgName": "libpinyin",
    "ibusOffArgName": "xkb:us::eng",
    "fcitx5OnArgName": "-o",
    "fcitx5OffArgName": "-c",
    "fcitx5OnStateName": "2"
  }
}